frequency_hz,magnitude,magnitude_normalized
0.000000,0.544769,0.006758
11.718750,0.653151,0.008102
23.437500,0.520336,0.006455
35.156250,3.838887,0.047620
46.875000,8.284706,0.102768
58.593750,10.479848,0.129998
70.312500,1.009794,0.012526
82.031250,4.277086,0.053055
93.750000,1.083158,0.013436
105.468750,0.258733,0.003209
117.187500,1.074010,0.013323
128.906250,0.500522,0.006209
140.625000,1.478801,0.018344
152.343750,1.844668,0.022882
164.062500,2.043289,0.025346
175.781250,2.315437,0.028722
187.500000,2.989976,0.037089
199.218750,3.677326,0.045616
210.937500,4.934830,0.061215
222.656250,6.318378,0.078377
234.375000,10.187996,0.126378
246.093750,17.795763,0.220749
257.812500,80.615358,1.000000
269.531250,35.507105,0.440451
281.250000,15.529220,0.192634
292.968750,9.782579,0.121349
304.687500,7.715648,0.095709
316.406250,5.665972,0.070284
328.125000,4.827782,0.059887
339.843750,4.250237,0.052722
351.562500,3.616413,0.044860
363.281250,3.474879,0.043104
375.000000,3.059736,0.037955
386.718750,2.929746,0.036342
398.437500,3.403675,0.042221
410.156250,8.255165,0.102402
421.875000,7.831947,0.097152
433.593750,3.665223,0.045466
445.312500,3.077851,0.038179
457.031250,2.787427,0.034577
468.750000,2.460884,0.030526
480.468750,2.419563,0.030014
492.187500,2.520564,0.031267
503.906250,2.848212,0.035331
515.625000,5.062418,0.062797
527.343750,6.737137,0.083571
539.062500,1.886108,0.023396
550.781250,1.448542,0.017969
562.500000,1.461978,0.018135
574.218750,1.384031,0.017168
585.937500,1.275525,0.015822
597.656250,1.312267,0.016278
609.375000,1.297918,0.016100
621.093750,1.250542,0.015512
632.812500,1.168561,0.014496
644.531250,1.120339,0.013897
656.250000,1.095827,0.013593
667.968750,1.118456,0.013874
679.687500,1.107412,0.013737
691.406250,1.030718,0.012786
703.125000,1.020676,0.012661
714.843750,0.954006,0.011834
726.562500,0.967765,0.012005
738.281250,0.948642,0.011768
750.000000,0.944140,0.011712
761.718750,0.926304,0.011490
773.437500,0.895774,0.011112
785.156250,1.490464,0.018489
796.875000,0.907528,0.011258
808.593750,0.918428,0.011393
820.312500,1.026616,0.012735
832.031250,4.215621,0.052293
843.750000,0.768053,0.009527
855.468750,0.784373,0.009730
867.187500,0.778887,0.009662
878.906250,0.751713,0.009325
890.625000,0.730772,0.009065
902.343750,0.689679,0.008555
914.062500,0.684889,0.008496
925.781250,0.628094,0.007791
937.500000,0.649903,0.008062
949.218750,0.651384,0.008080
960.937500,0.678215,0.008413
972.656250,0.588883,0.007305
984.375000,0.621612,0.007711
996.093750,0.610344,0.007571
1007.812500,0.578499,0.007176
1019.531250,0.530868,0.006585
1031.250000,0.373974,0.004639
1042.968750,0.361105,0.004479
1054.687500,1.247049,0.015469
1066.406250,0.871073,0.010805
1078.125000,0.674034,0.008361
1089.843750,0.676656,0.008394
1101.562500,0.642836,0.007974
1113.281250,0.637372,0.007906
1125.000000,0.576433,0.007150
1136.718750,0.561773,0.006969
1148.437500,0.557718,0.006918
1160.156250,0.566713,0.007030
1171.875000,0.504440,0.006257
1183.593750,0.527099,0.006538
1195.312500,0.506772,0.006286
1207.031250,0.467832,0.005803
1218.750000,0.341884,0.004241
1230.468750,0.264085,0.003276
1242.187500,0.566957,0.007033
1253.906250,1.684864,0.020900
1265.625000,0.904499,0.011220
1277.343750,0.788148,0.009777
1289.062500,0.700983,0.008695
1300.781250,0.671462,0.008329
1312.500000,0.760112,0.009429
1324.218750,0.543767,0.006745
1335.937500,0.556931,0.006908
1347.656250,0.529744,0.006571
1359.375000,0.550462,0.006828
1371.093750,0.525451,0.006518
1382.812500,0.517093,0.006414
1394.531250,0.510953,0.006338
1406.250000,0.490429,0.006084
1417.968750,0.499780,0.006200
1429.687500,0.492745,0.006112
1441.406250,0.477828,0.005927
1453.125000,0.492233,0.006106
1464.843750,0.488485,0.006059
1476.562500,0.486950,0.006040
1488.281250,0.454616,0.005639
1500.000000,0.469995,0.005830
1511.718750,0.443882,0.005506
1523.437500,0.435043,0.005397
1535.156250,0.420906,0.005221
1546.875000,0.446303,0.005536
1558.593750,0.357152,0.004430
1570.312500,0.393717,0.004884
1582.031250,0.837016,0.010383
1593.750000,0.553952,0.006872
1605.468750,0.491029,0.006091
1617.187500,0.494116,0.006129
1628.906250,0.456038,0.005657
1640.625000,0.461739,0.005728
1652.343750,0.454187,0.005634
1664.062500,0.509663,0.006322
1675.781250,0.393666,0.004883
1687.500000,0.391078,0.004851
1699.218750,0.423759,0.005257
1710.937500,0.423198,0.005250
1722.656250,0.412030,0.005111
1734.375000,0.424830,0.005270
1746.093750,0.413829,0.005133
1757.812500,0.420362,0.005214
1769.531250,0.407703,0.005057
1781.250000,0.400531,0.004968
1792.968750,0.376744,0.004673
1804.687500,0.417777,0.005182
1816.406250,0.440202,0.005461
1828.125000,0.474819,0.005890
1839.843750,0.736806,0.009140
1851.562500,0.163884,0.002033
1863.281250,0.321490,0.003988
1875.000000,0.315839,0.003918
1886.718750,0.343215,0.004257
1898.437500,0.333488,0.004137
1910.156250,0.346729,0.004301
1921.875000,0.300296,0.003725
1933.593750,0.359732,0.004462
1945.312500,0.339538,0.004212
1957.031250,0.330883,0.004104
1968.750000,0.339112,0.004207
1980.468750,0.329120,0.004083
1992.187500,0.340057,0.004218
2003.906250,0.340966,0.004230
2015.625000,0.331477,0.004112
2027.343750,0.350359,0.004346
2039.062500,0.335425,0.004161
2050.781250,0.348964,0.004329
2062.500000,0.356422,0.004421
2074.218750,0.348854,0.004327
2085.937500,0.457214,0.005672
2097.656250,0.407426,0.005054
2109.375000,0.401094,0.004975
2121.093750,0.298815,0.003707
2132.812500,0.303069,0.003759
2144.531250,0.301339,0.003738
2156.250000,0.309228,0.003836
2167.968750,0.305900,0.003795
2179.687500,0.312945,0.003882
2191.406250,0.308548,0.003827
2203.125000,0.297673,0.003693
2214.843750,0.299175,0.003711
2226.562500,0.292360,0.003627
2238.281250,0.304052,0.003772
2250.000000,0.271445,0.003367
2261.718750,0.296858,0.003682
2273.437500,0.290425,0.003603
2285.156250,0.301963,0.003746
2296.875000,0.288755,0.003582
2308.593750,0.287472,0.003566
2320.312500,0.294928,0.003658
2332.031250,0.290279,0.003601
2343.750000,0.286438,0.003553
2355.468750,0.282708,0.003507
2367.187500,0.302760,0.003756
2378.906250,0.389204,0.004828
2390.625000,0.243997,0.003027
2402.343750,0.235448,0.002921
2414.062500,0.281323,0.003490
2425.781250,0.238881,0.002963
2437.500000,0.256120,0.003177
2449.218750,0.273561,0.003393
2460.937500,0.253148,0.003140
2472.656250,0.255997,0.003176
2484.375000,0.261875,0.003248
2496.093750,0.280249,0.003476
2507.812500,0.267736,0.003321
2519.531250,0.255083,0.003164
2531.250000,0.262916,0.003261
2542.968750,0.267548,0.003319
2554.687500,0.256737,0.003185
2566.406250,0.275658,0.003419
2578.125000,0.267287,0.003316
2589.843750,0.255379,0.003168
2601.562500,0.250553,0.003108
2613.281250,0.265239,0.003290
2625.000000,0.243116,0.003016
2636.718750,0.279492,0.003467
2648.437500,0.291869,0.003621
2660.156250,0.192346,0.002386
2671.875000,0.234249,0.002906
2683.593750,0.229095,0.002842
2695.312500,0.240636,0.002985
2707.031250,0.231001,0.002865
2718.750000,0.237360,0.002944
2730.468750,0.241672,0.002998
2742.187500,0.232470,0.002884
2753.906250,0.216859,0.002690
2765.625000,0.241765,0.002999
2777.343750,0.220871,0.002740
2789.062500,0.229935,0.002852
2800.781250,0.225605,0.002799
2812.500000,0.236935,0.002939
2824.218750,0.246560,0.003058
2835.937500,0.229654,0.002849
2847.656250,0.231155,0.002867
2859.375000,0.232249,0.002881
2871.093750,0.239354,0.002969
2882.812500,0.228351,0.002833
2894.531250,0.212768,0.002639
2906.250000,0.228556,0.002835
2917.968750,0.230395,0.002858
2929.687500,0.264729,0.003284
2941.406250,0.190980,0.002369
2953.125000,0.346944,0.004304
2964.843750,0.227640,0.002824
2976.562500,0.227509,0.002822
2988.281250,0.220818,0.002739
3000.000000,0.224429,0.002784
3011.718750,0.222901,0.002765
3023.437500,0.217994,0.002704
3035.156250,0.218041,0.002705
3046.875000,0.215495,0.002673
3058.593750,0.210793,0.002615
3070.312500,0.196552,0.002438
3082.031250,0.209021,0.002593
3093.750000,0.212065,0.002631
3105.468750,0.215933,0.002679
3117.187500,0.227389,0.002821
3128.906250,0.216757,0.002689
3140.625000,0.204142,0.002532
3152.343750,0.215030,0.002667
3164.062500,0.215264,0.002670
3175.781250,0.203094,0.002519
3187.500000,0.206424,0.002561
3199.218750,0.211578,0.002625
3210.937500,0.182743,0.002267
3222.656250,0.208531,0.002587
3234.375000,0.190070,0.002358
3246.093750,0.199074,0.002469
3257.812500,0.201273,0.002497
3269.531250,0.203462,0.002524
3281.250000,0.198492,0.002462
3292.968750,0.194685,0.002415
3304.687500,0.202993,0.002518
3316.406250,0.208758,0.002590
3328.125000,0.209740,0.002602
3339.843750,0.202524,0.002512
3351.562500,0.202067,0.002507
3363.281250,0.187152,0.002322
3375.000000,0.184864,0.002293
3386.718750,0.195919,0.002430
3398.437500,0.199469,0.002474
3410.156250,0.189570,0.002352
3421.875000,0.187527,0.002326
3433.593750,0.201155,0.002495
3445.312500,0.178757,0.002217
3457.031250,0.182759,0.002267
3468.750000,0.181425,0.002251
3480.468750,0.192393,0.002387
3492.187500,0.270473,0.003355
3503.906250,0.203573,0.002525
3515.625000,0.197590,0.002451
3527.343750,0.181613,0.002253
3539.062500,0.181590,0.002253
3550.781250,0.178263,0.002211
3562.500000,0.180095,0.002234
3574.218750,0.187118,0.002321
3585.937500,0.184444,0.002288
3597.656250,0.191367,0.002374
3609.375000,0.177618,0.002203
3621.093750,0.181823,0.002255
3632.812500,0.177716,0.002204
3644.531250,0.185124,0.002296
3656.250000,0.185923,0.002306
3667.968750,0.185434,0.002300
3679.687500,0.169730,0.002105
3691.406250,0.184488,0.002289
3703.125000,0.173667,0.002154
3714.843750,0.173525,0.002153
3726.562500,0.178961,0.002220
3738.281250,0.172207,0.002136
3750.000000,0.176321,0.002187
3761.718750,0.181494,0.002251
3773.437500,0.187996,0.002332
3785.156250,0.173178,0.002148
3796.875000,0.174360,0.002163
3808.593750,0.171228,0.002124
3820.312500,0.176728,0.002192
3832.031250,0.175996,0.002183
3843.750000,0.166435,0.002065
3855.468750,0.170226,0.002112
3867.187500,0.171677,0.002130
3878.906250,0.168044,0.002085
3890.625000,0.167206,0.002074
3902.343750,0.166016,0.002059
3914.062500,0.170172,0.002111
3925.781250,0.170691,0.002117
3937.500000,0.158927,0.001971
3949.218750,0.166952,0.002071
3960.937500,0.167921,0.002083
3972.656250,0.159850,0.001983
3984.375000,0.166433,0.002065
3996.093750,0.168888,0.002095
4007.812500,0.164738,0.002044
4019.531250,0.161640,0.002005
4031.250000,0.156506,0.001941
4042.968750,0.153400,0.001903
4054.687500,0.138174,0.001714
4066.406250,0.185339,0.002299
4078.125000,0.168403,0.002089
4089.843750,0.168990,0.002096
4101.562500,0.166391,0.002064
4113.281250,0.161150,0.001999
4125.000000,0.157625,0.001955
4136.718750,0.162489,0.002016
4148.437500,0.163703,0.002031
4160.156250,0.155909,0.001934
4171.875000,0.155647,0.001931
4183.593750,0.155269,0.001926
4195.312500,0.151064,0.001874
4207.031250,0.155294,0.001926
4218.750000,0.154580,0.001918
4230.468750,0.158229,0.001963
4242.187500,0.153470,0.001904
4253.906250,0.147315,0.001827
4265.625000,0.156604,0.001943
4277.343750,0.153720,0.001907
4289.062500,0.156968,0.001947
4300.781250,0.158120,0.001961
4312.500000,0.155483,0.001929
4324.218750,0.154073,0.001911
4335.937500,0.156918,0.001947
4347.656250,0.157671,0.001956
4359.375000,0.149799,0.001858
4371.093750,0.153320,0.001902
4382.812500,0.152899,0.001897
4394.531250,0.156027,0.001935
4406.250000,0.154756,0.001920
4417.968750,0.146251,0.001814
4429.687500,0.155605,0.001930
4441.406250,0.144877,0.001797
4453.125000,0.150971,0.001873
4464.843750,0.150317,0.001865
4476.562500,0.143512,0.001780
4488.281250,0.147527,0.001830
4500.000000,0.149622,0.001856
4511.718750,0.146685,0.001820
4523.437500,0.146864,0.001822
4535.156250,0.147219,0.001826
4546.875000,0.140418,0.001742
4558.593750,0.142039,0.001762
4570.312500,0.147823,0.001834
4582.031250,0.151280,0.001877
4593.750000,0.139249,0.001727
4605.468750,0.145009,0.001799
4617.187500,0.144997,0.001799
4628.906250,0.142850,0.001772
4640.625000,0.143006,0.001774
4652.343750,0.138556,0.001719
4664.062500,0.141152,0.001751
4675.781250,0.137690,0.001708
4687.500000,0.140429,0.001742
4699.218750,0.139586,0.001732
4710.937500,0.137182,0.001702
4722.656250,0.138907,0.001723
4734.375000,0.143138,0.001776
4746.093750,0.138740,0.001721
4757.812500,0.140902,0.001748
4769.531250,0.142777,0.001771
4781.250000,0.143502,0.001780
4792.968750,0.136376,0.001692
4804.687500,0.139920,0.001736
4816.406250,0.136308,0.001691
4828.125000,0.138438,0.001717
4839.843750,0.136771,0.001697
4851.562500,0.134531,0.001669
4863.281250,0.132978,0.001650
4875.000000,0.135285,0.001678
4886.718750,0.133810,0.001660
4898.437500,0.136702,0.001696
4910.156250,0.135532,0.001681
4921.875000,0.133569,0.001657
4933.593750,0.130093,0.001614
4945.312500,0.138096,0.001713
4957.031250,0.140583,0.001744
4968.750000,0.136485,0.001693
4980.468750,0.132567,0.001644
4992.187500,0.133184,0.001652
5003.906250,0.134135,0.001664
5015.625000,0.132388,0.001642
5027.343750,0.133915,0.001661
5039.062500,0.133239,0.001653
5050.781250,0.130489,0.001619
5062.500000,0.129767,0.001610
5074.218750,0.125639,0.001558
5085.937500,0.127333,0.001580
5097.656250,0.128691,0.001596
5109.375000,0.127897,0.001587
5121.093750,0.126594,0.001570
5132.812500,0.131013,0.001625
5144.531250,0.129017,0.001600
5156.250000,0.128750,0.001597
5167.968750,0.131879,0.001636
5179.687500,0.126495,0.001569
5191.406250,0.128645,0.001596
5203.125000,0.128674,0.001596
5214.843750,0.128309,0.001592
5226.562500,0.130206,0.001615
5238.281250,0.123547,0.001533
5250.000000,0.123793,0.001536
5261.718750,0.129478,0.001606
5273.437500,0.122185,0.001516
5285.156250,0.124610,0.001546
5296.875000,0.124094,0.001539
5308.593750,0.127226,0.001578
5320.312500,0.122041,0.001514
5332.031250,0.125359,0.001555
5343.750000,0.123864,0.001536
5355.468750,0.128172,0.001590
5367.187500,0.122912,0.001525
5378.906250,0.123257,0.001529
5390.625000,0.124753,0.001548
5402.343750,0.120032,0.001489
5414.062500,0.123998,0.001538
5425.781250,0.119708,0.001485
5437.500000,0.125283,0.001554
5449.218750,0.114650,0.001422
5460.937500,0.121775,0.001511
5472.656250,0.120843,0.001499
5484.375000,0.115127,0.001428
5496.093750,0.116979,0.001451
5507.812500,0.120250,0.001492
5519.531250,0.120801,0.001498
5531.250000,0.116606,0.001446
5542.968750,0.121796,0.001511
5554.687500,0.120480,0.001495
5566.406250,0.120392,0.001493
5578.125000,0.117128,0.001453
5589.843750,0.118248,0.001467
5601.562500,0.121831,0.001511
5613.281250,0.115872,0.001437
5625.000000,0.115835,0.001437
5636.718750,0.118259,0.001467
5648.437500,0.120028,0.001489
5660.156250,0.118307,0.001468
5671.875000,0.118109,0.001465
5683.593750,0.120781,0.001498
5695.312500,0.113238,0.001405
5707.031250,0.117757,0.001461
5718.750000,0.114538,0.001421
5730.468750,0.120366,0.001493
5742.187500,0.118793,0.001474
5753.906250,0.116217,0.001442
5765.625000,0.113947,0.001413
5777.343750,0.118442,0.001469
5789.062500,0.115311,0.001430
5800.781250,0.119286,0.001480
5812.500000,0.118039,0.001464
5824.218750,0.112815,0.001399
5835.937500,0.115530,0.001433
5847.656250,0.111994,0.001389
5859.375000,0.111353,0.001381
5871.093750,0.117506,0.001458
5882.812500,0.114298,0.001418
5894.531250,0.112465,0.001395
5906.250000,0.114522,0.001421
5917.968750,0.110958,0.001376
5929.687500,0.111564,0.001384
5941.406250,0.113279,0.001405
5953.125000,0.113480,0.001408
5964.843750,0.113379,0.001406
5976.562500,0.109621,0.001360
5988.281250,0.112130,0.001391
6000.000000,0.113651,0.001410
6011.718750,0.109768,0.001362
6023.437500,0.111505,0.001383
6035.156250,0.113267,0.001405
6046.875000,0.108758,0.001349
6058.593750,0.108906,0.001351
6070.312500,0.108862,0.001350
6082.031250,0.112537,0.001396
6093.750000,0.108355,0.001344
6105.468750,0.110225,0.001367
6117.187500,0.106936,0.001326
6128.906250,0.110486,0.001371
6140.625000,0.110015,0.001365
6152.343750,0.106281,0.001318
6164.062500,0.106729,0.001324
6175.781250,0.107682,0.001336
6187.500000,0.106387,0.001320
6199.218750,0.108715,0.001349
6210.937500,0.106821,0.001325
6222.656250,0.105085,0.001304
6234.375000,0.105552,0.001309
6246.093750,0.107511,0.001334
6257.812500,0.110623,0.001372
6269.531250,0.107283,0.001331
6281.250000,0.109598,0.001360
6292.968750,0.106071,0.001316
6304.687500,0.106035,0.001315
6316.406250,0.107293,0.001331
6328.125000,0.103797,0.001288
6339.843750,0.105484,0.001308
6351.562500,0.102928,0.001277
6363.281250,0.100838,0.001251
6375.000000,0.105787,0.001312
6386.718750,0.109981,0.001364
6398.437500,0.109735,0.001361
6410.156250,0.107976,0.001339
6421.875000,0.107934,0.001339
6433.593750,0.101074,0.001254
6445.312500,0.101238,0.001256
6457.031250,0.098660,0.001224
6468.750000,0.103812,0.001288
6480.468750,0.102441,0.001271
6492.187500,0.104727,0.001299
6503.906250,0.101848,0.001263
6515.625000,0.106467,0.001321
6527.343750,0.102625,0.001273
6539.062500,0.105796,0.001312
6550.781250,0.102411,0.001270
6562.500000,0.099993,0.001240
6574.218750,0.102108,0.001267
6585.937500,0.101440,0.001258
6597.656250,0.097153,0.001205
6609.375000,0.099919,0.001239
6621.093750,0.102906,0.001277
6632.812500,0.103200,0.001280
6644.531250,0.100788,0.001250
6656.250000,0.100905,0.001252
6667.968750,0.101383,0.001258
6679.687500,0.101833,0.001263
6691.406250,0.102073,0.001266
6703.125000,0.103028,0.001278
6714.843750,0.100590,0.001248
6726.562500,0.097400,0.001208
6738.281250,0.096315,0.001195
6750.000000,0.102678,0.001274
6761.718750,0.099104,0.001229
6773.437500,0.100262,0.001244
6785.156250,0.096583,0.001198
6796.875000,0.098323,0.001220
6808.593750,0.097014,0.001203
6820.312500,0.094732,0.001175
6832.031250,0.099921,0.001239
6843.750000,0.095809,0.001188
6855.468750,0.095860,0.001189
6867.187500,0.094574,0.001173
6878.906250,0.099865,0.001239
6890.625000,0.099769,0.001238
6902.343750,0.095713,0.001187
6914.062500,0.100265,0.001244
6925.781250,0.100911,0.001252
6937.500000,0.095595,0.001186
6949.218750,0.097497,0.001209
6960.937500,0.099936,0.001240
6972.656250,0.096551,0.001198
6984.375000,0.095673,0.001187
6996.093750,0.098151,0.001218
7007.812500,0.098621,0.001223
7019.531250,0.099291,0.001232
7031.250000,0.092848,0.001152
7042.968750,0.094925,0.001178
7054.687500,0.098786,0.001225
7066.406250,0.095370,0.001183
7078.125000,0.094327,0.001170
7089.843750,0.090545,0.001123
7101.562500,0.101615,0.001260
7113.281250,0.099393,0.001233
7125.000000,0.093358,0.001158
7136.718750,0.095546,0.001185
7148.437500,0.094690,0.001175
7160.156250,0.094402,0.001171
7171.875000,0.094074,0.001167
7183.593750,0.093181,0.001156
7195.312500,0.096308,0.001195
7207.031250,0.090740,0.001126
7218.750000,0.090369,0.001121
7230.468750,0.092839,0.001152
7242.187500,0.091946,0.001141
7253.906250,0.095900,0.001190
7265.625000,0.092703,0.001150
7277.343750,0.095941,0.001190
7289.062500,0.093456,0.001159
7300.781250,0.095168,0.001181
7312.500000,0.089471,0.001110
7324.218750,0.089717,0.001113
7335.937500,0.088989,0.001104
7347.656250,0.093065,0.001154
7359.375000,0.086718,0.001076
7371.093750,0.089561,0.001111
7382.812500,0.090905,0.001128
7394.531250,0.087828,0.001089
7406.250000,0.093940,0.001165
7417.968750,0.091500,0.001135
7429.687500,0.093686,0.001162
7441.406250,0.091840,0.001139
7453.125000,0.091752,0.001138
7464.843750,0.092456,0.001147
7476.562500,0.097268,0.001207
7488.281250,0.094555,0.001173
7500.000000,0.090566,0.001123
7511.718750,0.087439,0.001085
7523.437500,0.089039,0.001104
7535.156250,0.089311,0.001108
7546.875000,0.090675,0.001125
7558.593750,0.089326,0.001108
7570.312500,0.091457,0.001134
7582.031250,0.088134,0.001093
7593.750000,0.089307,0.001108
7605.468750,0.087017,0.001079
7617.187500,0.093947,0.001165
7628.906250,0.091203,0.001131
7640.625000,0.086743,0.001076
7652.343750,0.090397,0.001121
7664.062500,0.086741,0.001076
7675.781250,0.092839,0.001152
7687.500000,0.088931,0.001103
7699.218750,0.087246,0.001082
7710.937500,0.093177,0.001156
7722.656250,0.089228,0.001107
7734.375000,0.089361,0.001108
7746.093750,0.083068,0.001030
7757.812500,0.090689,0.001125
7769.531250,0.086434,0.001072
7781.250000,0.083702,0.001038
7792.968750,0.084473,0.001048
7804.687500,0.089010,0.001104
7816.406250,0.090196,0.001119
7828.125000,0.089035,0.001104
7839.843750,0.084450,0.001048
7851.562500,0.085595,0.001062
7863.281250,0.085634,0.001062
7875.000000,0.085452,0.001060
7886.718750,0.085359,0.001059
7898.437500,0.084967,0.001054
7910.156250,0.090466,0.001122
7921.875000,0.087505,0.001085
7933.593750,0.082945,0.001029
7945.312500,0.080379,0.000997
7957.031250,0.086534,0.001073
7968.750000,0.083958,0.001041
7980.468750,0.089839,0.001114
7992.187500,0.087001,0.001079
8003.906250,0.080776,0.001002
8015.625000,0.085978,0.001067
8027.343750,0.085118,0.001056
8039.062500,0.079984,0.000992
8050.781250,0.085642,0.001062
8062.500000,0.083677,0.001038
8074.218750,0.090348,0.001121
8085.937500,0.087483,0.001085
8097.656250,0.084986,0.001054
8109.375000,0.085197,0.001057
8121.093750,0.087217,0.001082
8132.812500,0.081007,0.001005
8144.531250,0.084329,0.001046
8156.250000,0.084345,0.001046
8167.968750,0.083530,0.001036
8179.687500,0.079990,0.000992
8191.406250,0.084382,0.001047
8203.125000,0.083878,0.001040
8214.843750,0.082757,0.001027
8226.562500,0.080376,0.000997
8238.281250,0.080673,0.001001
8250.000000,0.082979,0.001029
8261.718750,0.082118,0.001019
8273.437500,0.081344,0.001009
8285.156250,0.084974,0.001054
8296.875000,0.075071,0.000931
8308.593750,0.080445,0.000998
8320.312500,0.076327,0.000947
8332.031250,0.085556,0.001061
8343.750000,0.077442,0.000961
8355.468750,0.080351,0.000997
8367.187500,0.078298,0.000971
8378.906250,0.081178,0.001007
8390.625000,0.083380,0.001034
8402.343750,0.084197,0.001044
8414.062500,0.083534,0.001036
8425.781250,0.085303,0.001058
8437.500000,0.081579,0.001012
8449.218750,0.082126,0.001019
8460.937500,0.087627,0.001087
8472.656250,0.082095,0.001018
8484.375000,0.083163,0.001032
8496.093750,0.082790,0.001027
8507.812500,0.084271,0.001045
8519.531250,0.082993,0.001029
8531.250000,0.081514,0.001011
8542.968750,0.080694,0.001001
8554.687500,0.080179,0.000995
8566.406250,0.082360,0.001022
8578.125000,0.078552,0.000974
8589.843750,0.079312,0.000984
8601.562500,0.080933,0.001004
8613.281250,0.080795,0.001002
8625.000000,0.083279,0.001033
8636.718750,0.079599,0.000987
8648.437500,0.078532,0.000974
8660.156250,0.077271,0.000959
8671.875000,0.077390,0.000960
8683.593750,0.074285,0.000921
8695.312500,0.075430,0.000936
8707.031250,0.080649,0.001000
8718.750000,0.079003,0.000980
8730.468750,0.084978,0.001054
8742.187500,0.076640,0.000951
8753.906250,0.078340,0.000972
8765.625000,0.073213,0.000908
8777.343750,0.076637,0.000951
8789.062500,0.076925,0.000954
8800.781250,0.078538,0.000974
8812.500000,0.081079,0.001006
8824.218750,0.077059,0.000956
8835.937500,0.080750,0.001002
8847.656250,0.076245,0.000946
8859.375000,0.080121,0.000994
8871.093750,0.077365,0.000960
8882.812500,0.075914,0.000942
8894.531250,0.072135,0.000895
8906.250000,0.078425,0.000973
8917.968750,0.078755,0.000977
8929.687500,0.078659,0.000976
8941.406250,0.075204,0.000933
8953.125000,0.076164,0.000945
8964.843750,0.080433,0.000998
8976.562500,0.078397,0.000972
8988.281250,0.074091,0.000919
9000.000000,0.075563,0.000937
9011.718750,0.077162,0.000957
9023.437500,0.074503,0.000924
9035.156250,0.080042,0.000993
9046.875000,0.076272,0.000946
9058.593750,0.070607,0.000876
9070.312500,0.077812,0.000965
9082.031250,0.076111,0.000944
9093.750000,0.078243,0.000971
9105.468750,0.075128,0.000932
9117.187500,0.077183,0.000957
9128.906250,0.077702,0.000964
9140.625000,0.075234,0.000933
9152.343750,0.077950,0.000967
9164.062500,0.077299,0.000959
9175.781250,0.078585,0.000975
9187.500000,0.074530,0.000925
9199.218750,0.080905,0.001004
9210.937500,0.073252,0.000909
9222.656250,0.078767,0.000977
9234.375000,0.075599,0.000938
9246.093750,0.075642,0.000938
9257.812500,0.076227,0.000946
9269.531250,0.072570,0.000900
9281.250000,0.073427,0.000911
9292.968750,0.078371,0.000972
9304.687500,0.074382,0.000923
9316.406250,0.077202,0.000958
9328.125000,0.077305,0.000959
9339.843750,0.044280,0.000549
9351.562500,0.070138,0.000870
9363.281250,0.073381,0.000910
9375.000000,0.074729,0.000927
9386.718750,0.071546,0.000887
9398.437500,0.071130,0.000882
9410.156250,0.073918,0.000917
9421.875000,0.072262,0.000896
9433.593750,0.075801,0.000940
9445.312500,0.071549,0.000888
9457.031250,0.071135,0.000882
9468.750000,0.077019,0.000955
9480.468750,0.073630,0.000913
9492.187500,0.072671,0.000901
9503.906250,0.070557,0.000875
9515.625000,0.071759,0.000890
9527.343750,0.069445,0.000861
9539.062500,0.073236,0.000908
9550.781250,0.073920,0.000917
9562.500000,0.070835,0.000879
9574.218750,0.071897,0.000892
9585.937500,0.072367,0.000898
9597.656250,0.073286,0.000909
9609.375000,0.070681,0.000877
9621.093750,0.072963,0.000905
9632.812500,0.071202,0.000883
9644.531250,0.071749,0.000890
9656.250000,0.069231,0.000859
9667.968750,0.072301,0.000897
9679.687500,0.072136,0.000895
9691.406250,0.074770,0.000927
9703.125000,0.071411,0.000886
9714.843750,0.072145,0.000895
9726.562500,0.073068,0.000906
9738.281250,0.069865,0.000867
9750.000000,0.066859,0.000829
9761.718750,0.065779,0.000816
9773.437500,0.070111,0.000870
9785.156250,0.072640,0.000901
9796.875000,0.069859,0.000867
9808.593750,0.070152,0.000870
9820.312500,0.066966,0.000831
9832.031250,0.066897,0.000830
9843.750000,0.063563,0.000788
9855.468750,0.048751,0.000605
9867.187500,0.091231,0.001132
9878.906250,0.077324,0.000959
9890.625000,0.077501,0.000961
9902.343750,0.071775,0.000890
9914.062500,0.069083,0.000857
9925.781250,0.071792,0.000891
9937.500000,0.071792,0.000891
9949.218750,0.071368,0.000885
9960.937500,0.072965,0.000905
9972.656250,0.069679,0.000864
9984.375000,0.070049,0.000869
9996.093750,0.071811,0.000891
10007.812500,0.072218,0.000896
10019.531250,0.071231,0.000884
10031.250000,0.072244,0.000896
10042.968750,0.069111,0.000857
10054.687500,0.071940,0.000892
10066.406250,0.071483,0.000887
10078.125000,0.070092,0.000869
10089.843750,0.069560,0.000863
10101.562500,0.066485,0.000825
10113.281250,0.067830,0.000841
10125.000000,0.072250,0.000896
10136.718750,0.070479,0.000874
10148.437500,0.069656,0.000864
10160.156250,0.069824,0.000866
10171.875000,0.068147,0.000845
10183.593750,0.067832,0.000841
10195.312500,0.067872,0.000842
10207.031250,0.068717,0.000852
10218.750000,0.066690,0.000827
10230.468750,0.069091,0.000857
10242.187500,0.068046,0.000844
10253.906250,0.067158,0.000833
10265.625000,0.066445,0.000824
10277.343750,0.067753,0.000840
10289.062500,0.069753,0.000865
10300.781250,0.068171,0.000846
10312.500000,0.067759,0.000841
10324.218750,0.068329,0.000848
10335.937500,0.070817,0.000878
10347.656250,0.067006,0.000831
10359.375000,0.067242,0.000834
10371.093750,0.068876,0.000854
10382.812500,0.066452,0.000824
10394.531250,0.068664,0.000852
10406.250000,0.066921,0.000830
10417.968750,0.066539,0.000825
10429.687500,0.068944,0.000855
10441.406250,0.067580,0.000838
10453.125000,0.068477,0.000849
10464.843750,0.067342,0.000835
10476.562500,0.068302,0.000847
10488.281250,0.065870,0.000817
10500.000000,0.066705,0.000827
10511.718750,0.063496,0.000788
10523.437500,0.069447,0.000861
10535.156250,0.067317,0.000835
10546.875000,0.065228,0.000809
10558.593750,0.067442,0.000837
10570.312500,0.065045,0.000807
10582.031250,0.065636,0.000814
10593.750000,0.067282,0.000835
10605.468750,0.065827,0.000817
10617.187500,0.067211,0.000834
10628.906250,0.063318,0.000785
10640.625000,0.064834,0.000804
10652.343750,0.065298,0.000810
10664.062500,0.063179,0.000784
10675.781250,0.066370,0.000823
10687.500000,0.065232,0.000809
10699.218750,0.065028,0.000807
10710.937500,0.065872,0.000817
10722.656250,0.065320,0.000810
10734.375000,0.067441,0.000837
10746.093750,0.065855,0.000817
10757.812500,0.065786,0.000816
10769.531250,0.066340,0.000823
10781.250000,0.066272,0.000822
10792.968750,0.065976,0.000818
10804.687500,0.067940,0.000843
10816.406250,0.065117,0.000808
10828.125000,0.065392,0.000811
10839.843750,0.067138,0.000833
10851.562500,0.064045,0.000794
10863.281250,0.062716,0.000778
10875.000000,0.066539,0.000825
10886.718750,0.064779,0.000804
10898.437500,0.063809,0.000792
10910.156250,0.065387,0.000811
10921.875000,0.063063,0.000782
10933.593750,0.064474,0.000800
10945.312500,0.062669,0.000777
10957.031250,0.065811,0.000816
10968.750000,0.064729,0.000803
10980.468750,0.062744,0.000778
10992.187500,0.064553,0.000801
11003.906250,0.064961,0.000806
11015.625000,0.064850,0.000804
11027.343750,0.064200,0.000796
11039.062500,0.063464,0.000787
11050.781250,0.065034,0.000807
11062.500000,0.065434,0.000812
11074.218750,0.064551,0.000801
11085.937500,0.065055,0.000807
11097.656250,0.064294,0.000798
11109.375000,0.062959,0.000781
11121.093750,0.062707,0.000778
11132.812500,0.063754,0.000791
11144.531250,0.062692,0.000778
11156.250000,0.064556,0.000801
11167.968750,0.063088,0.000783
11179.687500,0.063572,0.000789
11191.406250,0.063793,0.000791
11203.125000,0.063035,0.000782
11214.843750,0.064709,0.000803
11226.562500,0.063433,0.000787
11238.281250,0.062384,0.000774
11250.000000,0.063897,0.000793
11261.718750,0.064846,0.000804
11273.437500,0.061934,0.000768
11285.156250,0.063390,0.000786
11296.875000,0.063052,0.000782
11308.593750,0.063161,0.000783
11320.312500,0.063594,0.000789
11332.031250,0.063688,0.000790
11343.750000,0.062932,0.000781
11355.468750,0.063605,0.000789
11367.187500,0.061735,0.000766
11378.906250,0.060388,0.000749
11390.625000,0.063027,0.000782
11402.343750,0.062900,0.000780
11414.062500,0.062488,0.000775
11425.781250,0.062670,0.000777
11437.500000,0.062405,0.000774
11449.218750,0.062645,0.000777
11460.937500,0.061621,0.000764
11472.656250,0.061856,0.000767
11484.375000,0.061849,0.000767
11496.093750,0.062079,0.000770
11507.812500,0.064106,0.000795
11519.531250,0.061491,0.000763
11531.250000,0.062873,0.000780
11542.968750,0.063190,0.000784
11554.687500,0.063211,0.000784
11566.406250,0.061671,0.000765
11578.125000,0.060996,0.000757
11589.843750,0.061796,0.000767
11601.562500,0.062533,0.000776
11613.281250,0.062540,0.000776
11625.000000,0.060553,0.000751
11636.718750,0.061392,0.000762
11648.437500,0.060399,0.000749
11660.156250,0.060984,0.000756
11671.875000,0.061916,0.000768
11683.593750,0.061730,0.000766
11695.312500,0.061983,0.000769
11707.031250,0.061457,0.000762
11718.750000,0.062540,0.000776
11730.468750,0.061408,0.000762
11742.187500,0.060385,0.000749
11753.906250,0.060708,0.000753
11765.625000,0.061258,0.000760
11777.343750,0.060881,0.000755
11789.062500,0.061577,0.000764
11800.781250,0.060456,0.000750
11812.500000,0.060544,0.000751
11824.218750,0.060754,0.000754
11835.937500,0.061107,0.000758
11847.656250,0.060449,0.000750
11859.375000,0.059775,0.000741
11871.093750,0.060114,0.000746
11882.812500,0.061048,0.000757
11894.531250,0.061092,0.000758
11906.250000,0.060161,0.000746
11917.968750,0.060756,0.000754
11929.687500,0.060600,0.000752
11941.406250,0.060102,0.000746
11953.125000,0.060362,0.000749
11964.843750,0.060533,0.000751
11976.562500,0.059862,0.000743
11988.281250,0.061286,0.000760
12000.000000,0.059732,0.000741
12011.718750,0.060412,0.000749
12023.437500,0.059756,0.000741
12035.156250,0.060829,0.000755
12046.875000,0.059661,0.000740
12058.593750,0.059603,0.000739
12070.312500,0.059794,0.000742
12082.031250,0.060382,0.000749
12093.750000,0.059804,0.000742
12105.468750,0.060409,0.000749
12117.187500,0.059762,0.000741
12128.906250,0.059187,0.000734
12140.625000,0.059597,0.000739
12152.343750,0.059340,0.000736
12164.062500,0.059393,0.000737
12175.781250,0.059411,0.000737
12187.500000,0.059472,0.000738
12199.218750,0.059117,0.000733
12210.937500,0.058759,0.000729
12222.656250,0.059566,0.000739
12234.375000,0.059574,0.000739
12246.093750,0.058942,0.000731
12257.812500,0.058923,0.000731
12269.531250,0.059031,0.000732
12281.250000,0.058596,0.000727
12292.968750,0.059082,0.000733
12304.687500,0.059338,0.000736
12316.406250,0.059237,0.000735
12328.125000,0.058766,0.000729
12339.843750,0.058963,0.000731
12351.562500,0.058826,0.000730
12363.281250,0.059334,0.000736
12375.000000,0.058728,0.000728
12386.718750,0.058731,0.000729
12398.437500,0.058696,0.000728
12410.156250,0.058662,0.000728
12421.875000,0.058699,0.000728
12433.593750,0.058763,0.000729
12445.312500,0.058504,0.000726
12457.031250,0.057986,0.000719
12468.750000,0.058045,0.000720
12480.468750,0.058570,0.000727
12492.187500,0.058293,0.000723
12503.906250,0.057805,0.000717
12515.625000,0.058028,0.000720
12527.343750,0.057566,0.000714
12539.062500,0.058222,0.000722
12550.781250,0.058129,0.000721
12562.500000,0.057533,0.000714
12574.218750,0.059069,0.000733
12585.937500,0.057884,0.000718
12597.656250,0.058523,0.000726
12609.375000,0.057927,0.000719
12621.093750,0.057874,0.000718
12632.812500,0.057184,0.000709
12644.531250,0.057864,0.000718
12656.250000,0.057860,0.000718
12667.968750,0.057939,0.000719
12679.687500,0.057661,0.000715
12691.406250,0.057729,0.000716
12703.125000,0.058102,0.000721
12714.843750,0.057419,0.000712
12726.562500,0.057121,0.000709
12738.281250,0.057480,0.000713
12750.000000,0.057298,0.000711
12761.718750,0.057532,0.000714
12773.437500,0.057105,0.000708
12785.156250,0.056750,0.000704
12796.875000,0.057632,0.000715
12808.593750,0.057060,0.000708
12820.312500,0.056986,0.000707
12832.031250,0.057648,0.000715
12843.750000,0.056252,0.000698
12855.468750,0.057425,0.000712
12867.187500,0.057117,0.000709
12878.906250,0.056827,0.000705
12890.625000,0.056032,0.000695
12902.343750,0.057355,0.000711
12914.062500,0.057298,0.000711
12925.781250,0.057108,0.000708
12937.500000,0.056588,0.000702
12949.218750,0.056785,0.000704
12960.937500,0.056562,0.000702
12972.656250,0.056484,0.000701
12984.375000,0.056953,0.000706
12996.093750,0.057966,0.000719
13007.812500,0.056332,0.000699
13019.531250,0.056610,0.000702
13031.250000,0.057283,0.000711
13042.968750,0.056797,0.000705
13054.687500,0.056554,0.000702
13066.406250,0.055738,0.000691
13078.125000,0.056465,0.000700
13089.843750,0.056792,0.000704
13101.562500,0.055877,0.000693
13113.281250,0.056134,0.000696
13125.000000,0.055571,0.000689
13136.718750,0.055503,0.000688
13148.437500,0.056175,0.000697
13160.156250,0.056141,0.000696
13171.875000,0.055919,0.000694
13183.593750,0.054680,0.000678
13195.312500,0.055238,0.000685
13207.031250,0.056133,0.000696
13218.750000,0.056192,0.000697
13230.468750,0.055848,0.000693
13242.187500,0.055371,0.000687
13253.906250,0.056414,0.000700
13265.625000,0.056158,0.000697
13277.343750,0.055888,0.000693
13289.062500,0.055937,0.000694
13300.781250,0.056349,0.000699
13312.500000,0.055234,0.000685
13324.218750,0.055575,0.000689
13335.937500,0.054778,0.000679
13347.656250,0.056886,0.000706
13359.375000,0.054503,0.000676
13371.093750,0.054650,0.000678
13382.812500,0.055316,0.000686
13394.531250,0.054830,0.000680
13406.250000,0.055385,0.000687
13417.968750,0.055679,0.000691
13429.687500,0.053939,0.000669
13441.406250,0.055481,0.000688
13453.125000,0.055178,0.000684
13464.843750,0.054169,0.000672
13476.562500,0.056568,0.000702
13488.281250,0.054404,0.000675
13500.000000,0.055009,0.000682
13511.718750,0.053244,0.000660
13523.437500,0.053911,0.000669
13535.156250,0.055357,0.000687
13546.875000,0.055444,0.000688
13558.593750,0.057178,0.000709
13570.312500,0.055408,0.000687
13582.031250,0.053561,0.000664
13593.750000,0.054205,0.000672
13605.468750,0.056115,0.000696
13617.187500,0.053750,0.000667
13628.906250,0.055577,0.000689
13640.625000,0.056436,0.000700
13652.343750,0.053175,0.000660
13664.062500,0.051288,0.000636
13675.781250,0.054889,0.000681
13687.500000,0.053780,0.000667
13699.218750,0.055345,0.000687
13710.937500,0.055588,0.000690
13722.656250,0.053941,0.000669
13734.375000,0.054200,0.000672
13746.093750,0.054526,0.000676
13757.812500,0.053437,0.000663
13769.531250,0.053537,0.000664
13781.250000,0.054185,0.000672
13792.968750,0.052788,0.000655
13804.687500,0.054376,0.000675
13816.406250,0.053924,0.000669
13828.125000,0.053604,0.000665
13839.843750,0.052386,0.000650
13851.562500,0.055908,0.000694
13863.281250,0.057026,0.000707
13875.000000,0.053428,0.000663
13886.718750,0.053136,0.000659
13898.437500,0.055832,0.000693
13910.156250,0.051325,0.000637
13921.875000,0.054477,0.000676
13933.593750,0.053292,0.000661
13945.312500,0.052496,0.000651
13957.031250,0.053539,0.000664
13968.750000,0.052406,0.000650
13980.468750,0.053493,0.000664
13992.187500,0.054693,0.000678
14003.906250,0.052125,0.000647
14015.625000,0.053027,0.000658
14027.343750,0.055679,0.000691
14039.062500,0.054948,0.000682
14050.781250,0.054357,0.000674
14062.500000,0.052534,0.000652
14074.218750,0.053864,0.000668
14085.937500,0.053550,0.000664
14097.656250,0.051983,0.000645
14109.375000,0.055359,0.000687
14121.093750,0.051729,0.000642
14132.812500,0.053865,0.000668
14144.531250,0.053938,0.000669
14156.250000,0.053836,0.000668
14167.968750,0.052736,0.000654
14179.687500,0.054037,0.000670
14191.406250,0.054484,0.000676
14203.125000,0.052125,0.000647
14214.843750,0.053337,0.000662
14226.562500,0.053204,0.000660
14238.281250,0.053420,0.000663
14250.000000,0.049497,0.000614
14261.718750,0.050586,0.000628
14273.437500,0.055833,0.000693
14285.156250,0.053593,0.000665
14296.875000,0.052518,0.000651
14308.593750,0.051153,0.000635
14320.312500,0.052314,0.000649
14332.031250,0.053574,0.000665
14343.750000,0.053172,0.000660
14355.468750,0.053318,0.000661
14367.187500,0.053132,0.000659
14378.906250,0.051515,0.000639
14390.625000,0.050457,0.000626
14402.343750,0.052929,0.000657
14414.062500,0.051224,0.000635
14425.781250,0.055030,0.000683
14437.500000,0.050504,0.000626
14449.218750,0.050292,0.000624
14460.937500,0.047288,0.000587
14472.656250,0.050672,0.000629
14484.375000,0.052727,0.000654
14496.093750,0.052905,0.000656
14507.812500,0.055245,0.000685
14519.531250,0.055245,0.000685
14531.250000,0.052951,0.000657
14542.968750,0.050861,0.000631
14554.687500,0.054790,0.000680
14566.406250,0.050139,0.000622
14578.125000,0.051428,0.000638
14589.843750,0.048990,0.000608
14601.562500,0.051939,0.000644
14613.281250,0.054755,0.000679
14625.000000,0.054132,0.000671
14636.718750,0.053587,0.000665
14648.437500,0.059816,0.000742
14660.156250,0.053574,0.000665
14671.875000,0.050843,0.000631
14683.593750,0.054346,0.000674
14695.312500,0.048872,0.000606
14707.031250,0.051114,0.000634
14718.750000,0.051939,0.000644
14730.468750,0.048945,0.000607
14742.187500,0.049371,0.000612
14753.906250,0.048537,0.000602
14765.625000,0.053030,0.000658
14777.343750,0.054597,0.000677
14789.062500,0.056103,0.000696
14800.781250,0.048801,0.000605
14812.500000,0.051820,0.000643
14824.218750,0.049971,0.000620
14835.937500,0.048850,0.000606
14847.656250,0.051953,0.000644
14859.375000,0.051884,0.000644
14871.093750,0.053782,0.000667
14882.812500,0.051256,0.000636
14894.531250,0.053817,0.000668
14906.250000,0.054276,0.000673
14917.968750,0.051478,0.000639
14929.687500,0.052511,0.000651
14941.406250,0.051953,0.000644
14953.125000,0.050716,0.000629
14964.843750,0.052316,0.000649
14976.562500,0.052831,0.000655
14988.281250,0.048291,0.000599
15000.000000,0.052670,0.000653
15011.718750,0.049505,0.000614
15023.437500,0.050942,0.000632
15035.156250,0.051603,0.000640
15046.875000,0.049324,0.000612
15058.593750,0.051930,0.000644
15070.312500,0.055558,0.000689
15082.031250,0.046874,0.000581
15093.750000,0.052305,0.000649
15105.468750,0.050133,0.000622
15117.187500,0.051796,0.000643
15128.906250,0.052341,0.000649
15140.625000,0.049147,0.000610
15152.343750,0.053930,0.000669
15164.062500,0.051462,0.000638
15175.781250,0.048902,0.000607
15187.500000,0.047570,0.000590
15199.218750,0.049058,0.000609
15210.937500,0.049229,0.000611
15222.656250,0.052720,0.000654
15234.375000,0.050348,0.000625
15246.093750,0.051189,0.000635
15257.812500,0.051434,0.000638
15269.531250,0.046729,0.000580
15281.250000,0.050884,0.000631
15292.968750,0.051215,0.000635
15304.687500,0.051251,0.000636
15316.406250,0.052125,0.000647
15328.125000,0.050079,0.000621
15339.843750,0.049429,0.000613
15351.562500,0.056864,0.000705
15363.281250,0.049257,0.000611
15375.000000,0.049972,0.000620
15386.718750,0.052768,0.000655
15398.437500,0.045659,0.000566
15410.156250,0.050310,0.000624
15421.875000,0.050934,0.000632
15433.593750,0.051470,0.000638
15445.312500,0.055363,0.000687
15457.031250,0.052853,0.000656
15468.750000,0.046992,0.000583
15480.468750,0.051249,0.000636
15492.187500,0.054062,0.000671
15503.906250,0.052384,0.000650
15515.625000,0.048505,0.000602
15527.343750,0.051710,0.000641
15539.062500,0.042955,0.000533
15550.781250,0.047462,0.000589
15562.500000,0.050015,0.000620
15574.218750,0.056545,0.000701
15585.937500,0.053777,0.000667
15597.656250,0.055493,0.000688
15609.375000,0.049506,0.000614
15621.093750,0.047721,0.000592
15632.812500,0.051136,0.000634
15644.531250,0.047297,0.000587
15656.250000,0.045738,0.000567
15667.968750,0.048963,0.000607
15679.687500,0.049914,0.000619
15691.406250,0.044914,0.000557
15703.125000,0.057511,0.000713
15714.843750,0.044755,0.000555
15726.562500,0.058042,0.000720
15738.281250,0.051511,0.000639
15750.000000,0.046637,0.000579
15761.718750,0.050222,0.000623
15773.437500,0.050487,0.000626
15785.156250,0.047374,0.000588
15796.875000,0.047745,0.000592
15808.593750,0.048321,0.000599
15820.312500,0.049368,0.000612
15832.031250,0.050988,0.000632
15843.750000,0.049566,0.000615
15855.468750,0.054417,0.000675
15867.187500,0.055135,0.000684
15878.906250,0.044348,0.000550
15890.625000,0.049540,0.000615
15902.343750,0.048921,0.000607
15914.062500,0.046774,0.000580
15925.781250,0.051731,0.000642
15937.500000,0.051242,0.000636
15949.218750,0.052779,0.000655
15960.937500,0.050416,0.000625
15972.656250,0.048776,0.000605
15984.375000,0.049568,0.000615
15996.093750,0.046213,0.000573
16007.812500,0.045592,0.000566
16019.531250,0.045848,0.000569
16031.250000,0.047731,0.000592
16042.968750,0.046855,0.000581
16054.687500,0.052875,0.000656
16066.406250,0.044216,0.000548
16078.125000,0.053778,0.000667
16089.843750,0.049471,0.000614
16101.562500,0.047210,0.000586
16113.281250,0.053293,0.000661
16125.000000,0.049848,0.000618
16136.718750,0.044744,0.000555
16148.437500,0.052129,0.000647
16160.156250,0.048092,0.000597
16171.875000,0.051506,0.000639
16183.593750,0.052874,0.000656
16195.312500,0.048371,0.000600
16207.031250,0.048970,0.000607
16218.750000,0.050798,0.000630
16230.468750,0.043142,0.000535
16242.187500,0.048760,0.000605
16253.906250,0.046869,0.000581
16265.625000,0.044998,0.000558
16277.343750,0.052669,0.000653
16289.062500,0.050478,0.000626
16300.781250,0.050031,0.000621
16312.500000,0.050027,0.000621
16324.218750,0.048643,0.000603
16335.937500,0.046721,0.000580
16347.656250,0.042287,0.000525
16359.375000,0.052061,0.000646
16371.093750,0.050159,0.000622
16382.812500,0.043971,0.000545
16394.531250,0.048198,0.000598
16406.250000,0.048595,0.000603
16417.968750,0.048372,0.000600
16429.687500,0.054540,0.000677
16441.406250,0.049365,0.000612
16453.125000,0.050265,0.000624
16464.843750,0.043667,0.000542
16476.562500,0.042392,0.000526
16488.281250,0.041350,0.000513
16500.000000,0.053969,0.000669
16511.718750,0.047413,0.000588
16523.437500,0.049284,0.000611
16535.156250,0.056752,0.000704
16546.875000,0.044424,0.000551
16558.593750,0.040202,0.000499
16570.312500,0.047961,0.000595
16582.031250,0.045849,0.000569
16593.750000,0.046146,0.000572
16605.468750,0.045453,0.000564
16617.187500,0.041485,0.000515
16628.906250,0.049632,0.000616
16640.625000,0.056607,0.000702
16652.343750,0.053765,0.000667
16664.062500,0.049391,0.000613
16675.781250,0.052638,0.000653
16687.500000,0.042549,0.000528
16699.218750,0.052539,0.000652
16710.937500,0.038017,0.000472
16722.656250,0.046379,0.000575
16734.375000,0.049360,0.000612
16746.093750,0.052470,0.000651
16757.812500,0.041529,0.000515
16769.531250,0.047504,0.000589
16781.250000,0.055419,0.000687
16792.968750,0.049041,0.000608
16804.687500,0.046679,0.000579
16816.406250,0.048130,0.000597
16828.125000,0.044021,0.000546
16839.843750,0.051578,0.000640
16851.562500,0.043486,0.000539
16863.281250,0.046879,0.000582
16875.000000,0.051368,0.000637
16886.718750,0.044559,0.000553
16898.437500,0.045348,0.000563
16910.156250,0.051787,0.000642
16921.875000,0.043906,0.000545
16933.593750,0.053201,0.000660
16945.312500,0.044546,0.000553
16957.031250,0.045994,0.000571
16968.750000,0.050590,0.000628
16980.468750,0.046331,0.000575
16992.187500,0.044895,0.000557
17003.906250,0.052796,0.000655
17015.625000,0.045927,0.000570
17027.343750,0.049900,0.000619
17039.062500,0.049069,0.000609
17050.781250,0.044556,0.000553
17062.500000,0.047003,0.000583
17074.218750,0.047725,0.000592
17085.937500,0.048398,0.000600
17097.656250,0.047645,0.000591
17109.375000,0.054124,0.000671
17121.093750,0.051123,0.000634
17132.812500,0.048159,0.000597
17144.531250,0.042181,0.000523
17156.250000,0.052782,0.000655
17167.968750,0.046743,0.000580
17179.687500,0.045463,0.000564
17191.406250,0.047127,0.000585
17203.125000,0.047954,0.000595
17214.843750,0.046360,0.000575
17226.562500,0.047347,0.000587
17238.281250,0.047978,0.000595
17250.000000,0.050204,0.000623
17261.718750,0.053837,0.000668
17273.437500,0.044453,0.000551
17285.156250,0.045281,0.000562
17296.875000,0.043942,0.000545
17308.593750,0.045649,0.000566
17320.312500,0.051918,0.000644
17332.031250,0.046697,0.000579
17343.750000,0.047231,0.000586
17355.468750,0.049468,0.000614
17367.187500,0.048546,0.000602
17378.906250,0.045949,0.000570
17390.625000,0.044762,0.000555
17402.343750,0.046888,0.000582
17414.062500,0.049843,0.000618
17425.781250,0.047177,0.000585
17437.500000,0.042385,0.000526
17449.218750,0.047476,0.000589
17460.937500,0.052134,0.000647
17472.656250,0.052494,0.000651
17484.375000,0.049024,0.000608
17496.093750,0.042798,0.000531
17507.812500,0.050159,0.000622
17519.531250,0.041318,0.000513
17531.250000,0.046447,0.000576
17542.968750,0.050737,0.000629
17554.687500,0.045679,0.000567
17566.406250,0.048647,0.000603
17578.125000,0.048677,0.000604
17589.843750,0.046365,0.000575
17601.562500,0.047409,0.000588
17613.281250,0.050645,0.000628
17625.000000,0.042186,0.000523
17636.718750,0.046189,0.000573
17648.437500,0.039191,0.000486
17660.156250,0.045523,0.000565
17671.875000,0.048822,0.000606
17683.593750,0.046493,0.000577
17695.312500,0.049071,0.000609
17707.031250,0.043556,0.000540
17718.750000,0.040084,0.000497
17730.468750,0.047274,0.000586
17742.187500,0.046674,0.000579
17753.906250,0.047172,0.000585
17765.625000,0.046376,0.000575
17777.343750,0.047127,0.000585
17789.062500,0.039551,0.000491
17800.781250,0.048300,0.000599
17812.500000,0.047174,0.000585
17824.218750,0.049762,0.000617
17835.937500,0.045089,0.000559
17847.656250,0.042034,0.000521
17859.375000,0.046861,0.000581
17871.093750,0.041817,0.000519
17882.812500,0.048142,0.000597
17894.531250,0.040361,0.000501
17906.250000,0.046697,0.000579
17917.968750,0.049339,0.000612
17929.687500,0.048161,0.000597
17941.406250,0.044718,0.000555
17953.125000,0.046489,0.000577
17964.843750,0.043972,0.000545
17976.562500,0.043715,0.000542
17988.281250,0.048053,0.000596
18000.000000,0.044701,0.000554
18011.718750,0.047840,0.000593
18023.437500,0.046451,0.000576
18035.156250,0.049013,0.000608
18046.875000,0.047159,0.000585
18058.593750,0.041635,0.000516
18070.312500,0.044806,0.000556
18082.031250,0.043401,0.000538
18093.750000,0.041150,0.000510
18105.468750,0.049454,0.000613
18117.187500,0.049139,0.000610
18128.906250,0.047377,0.000588
18140.625000,0.050787,0.000630
18152.343750,0.039193,0.000486
18164.062500,0.044803,0.000556
18175.781250,0.045354,0.000563
18187.500000,0.043360,0.000538
18199.218750,0.045007,0.000558
18210.937500,0.043472,0.000539
18222.656250,0.043232,0.000536
18234.375000,0.039455,0.000489
18246.093750,0.042975,0.000533
18257.812500,0.051903,0.000644
18269.531250,0.044215,0.000548
18281.250000,0.041455,0.000514
18292.968750,0.045675,0.000567
18304.687500,0.044593,0.000553
18316.406250,0.044371,0.000550
18328.125000,0.047311,0.000587
18339.843750,0.045867,0.000569
18351.562500,0.046183,0.000573
18363.281250,0.041619,0.000516
18375.000000,0.047554,0.000590
18386.718750,0.042732,0.000530
18398.437500,0.052131,0.000647
18410.156250,0.044938,0.000557
18421.875000,0.049877,0.000619
18433.593750,0.046169,0.000573
18445.312500,0.042977,0.000533
18457.031250,0.040936,0.000508
18468.750000,0.041989,0.000521
18480.468750,0.045723,0.000567
18492.187500,0.045036,0.000559
18503.906250,0.044980,0.000558
18515.625000,0.048532,0.000602
18527.343750,0.043900,0.000545
18539.062500,0.048165,0.000597
18550.781250,0.044363,0.000550
18562.500000,0.042951,0.000533
18574.218750,0.043824,0.000544
18585.937500,0.046014,0.000571
18597.656250,0.047608,0.000591
18609.375000,0.044592,0.000553
18621.093750,0.049795,0.000618
18632.812500,0.046991,0.000583
18644.531250,0.048289,0.000599
18656.250000,0.045330,0.000562
18667.968750,0.045228,0.000561
18679.687500,0.049819,0.000618
18691.406250,0.043657,0.000542
18703.125000,0.040404,0.000501
18714.843750,0.047548,0.000590
18726.562500,0.044112,0.000547
18738.281250,0.044604,0.000553
18750.000000,0.045646,0.000566
18761.718750,0.045598,0.000566
18773.437500,0.047471,0.000589
18785.156250,0.047171,0.000585
18796.875000,0.046060,0.000571
18808.593750,0.042827,0.000531
18820.312500,0.044326,0.000550
18832.031250,0.042094,0.000522
18843.750000,0.046008,0.000571
18855.468750,0.042381,0.000526
18867.187500,0.044578,0.000553
18878.906250,0.045517,0.000565
18890.625000,0.044037,0.000546
18902.343750,0.047120,0.000585
18914.062500,0.048091,0.000597
18925.781250,0.044837,0.000556
18937.500000,0.042295,0.000525
18949.218750,0.040852,0.000507
18960.937500,0.043991,0.000546
18972.656250,0.043301,0.000537
18984.375000,0.045036,0.000559
18996.093750,0.044510,0.000552
19007.812500,0.045726,0.000567
19019.531250,0.042741,0.000530
19031.250000,0.046089,0.000572
19042.968750,0.046601,0.000578
19054.687500,0.048414,0.000601
19066.406250,0.044006,0.000546
19078.125000,0.042391,0.000526
19089.843750,0.046203,0.000573
19101.562500,0.049903,0.000619
19113.281250,0.044887,0.000557
19125.000000,0.044615,0.000553
19136.718750,0.043866,0.000544
19148.437500,0.043020,0.000534
19160.156250,0.043699,0.000542
19171.875000,0.042389,0.000526
19183.593750,0.046144,0.000572
19195.312500,0.046174,0.000573
19207.031250,0.045627,0.000566
19218.750000,0.047281,0.000587
19230.468750,0.047319,0.000587
19242.187500,0.042186,0.000523
19253.906250,0.044740,0.000555
19265.625000,0.043543,0.000540
19277.343750,0.040777,0.000506
19289.062500,0.043012,0.000534
19300.781250,0.045163,0.000560
19312.500000,0.045543,0.000565
19324.218750,0.043997,0.000546
19335.937500,0.047334,0.000587
19347.656250,0.044369,0.000550
19359.375000,0.043599,0.000541
19371.093750,0.044464,0.000552
19382.812500,0.038736,0.000481
19394.531250,0.043624,0.000541
19406.250000,0.046713,0.000579
19417.968750,0.048807,0.000605
19429.687500,0.043917,0.000545
19441.406250,0.046022,0.000571
19453.125000,0.043574,0.000541
19464.843750,0.047206,0.000586
19476.562500,0.045970,0.000570
19488.281250,0.042480,0.000527
19500.000000,0.042976,0.000533
19511.718750,0.046392,0.000575
19523.437500,0.045508,0.000565
19535.156250,0.042986,0.000533
19546.875000,0.044205,0.000548
19558.593750,0.042654,0.000529
19570.312500,0.045366,0.000563
19582.031250,0.045901,0.000569
19593.750000,0.047116,0.000584
19605.468750,0.045312,0.000562
19617.187500,0.043584,0.000541
19628.906250,0.043656,0.000542
19640.625000,0.044022,0.000546
19652.343750,0.042555,0.000528
19664.062500,0.042253,0.000524
19675.781250,0.045210,0.000561
19687.500000,0.048527,0.000602
19699.218750,0.046969,0.000583
19710.937500,0.044054,0.000546
19722.656250,0.044703,0.000555
19734.375000,0.042582,0.000528
19746.093750,0.042364,0.000526
19757.812500,0.044276,0.000549
19769.531250,0.044427,0.000551
19781.250000,0.043337,0.000538
19792.968750,0.044600,0.000553
19804.687500,0.041045,0.000509
19816.406250,0.044747,0.000555
19828.125000,0.044544,0.000553
19839.843750,0.042328,0.000525
19851.562500,0.043333,0.000538
19863.281250,0.043146,0.000535
19875.000000,0.043884,0.000544
19886.718750,0.046632,0.000578
19898.437500,0.045150,0.000560
19910.156250,0.047789,0.000593
19921.875000,0.043256,0.000537
19933.593750,0.040346,0.000500
19945.312500,0.041126,0.000510
19957.031250,0.044757,0.000555
19968.750000,0.040601,0.000504
19980.468750,0.042137,0.000523
19992.187500,0.044265,0.000549
20003.906250,0.044680,0.000554
20015.625000,0.045839,0.000569
20027.343750,0.041328,0.000513
20039.062500,0.045414,0.000563
20050.781250,0.048323,0.000599
20062.500000,0.039436,0.000489
20074.218750,0.045305,0.000562
20085.937500,0.043892,0.000544
20097.656250,0.043035,0.000534
20109.375000,0.043751,0.000543
20121.093750,0.041765,0.000518
20132.812500,0.043953,0.000545
20144.531250,0.046695,0.000579
20156.250000,0.040112,0.000498
20167.968750,0.043049,0.000534
20179.687500,0.044778,0.000555
20191.406250,0.044229,0.000549
20203.125000,0.042009,0.000521
20214.843750,0.043475,0.000539
20226.562500,0.041826,0.000519
20238.281250,0.042835,0.000531
20250.000000,0.044142,0.000548
20261.718750,0.041057,0.000509
20273.437500,0.045084,0.000559
20285.156250,0.044578,0.000553
20296.875000,0.045763,0.000568
20308.593750,0.043939,0.000545
20320.312500,0.043705,0.000542
20332.031250,0.042227,0.000524
20343.750000,0.045397,0.000563
20355.468750,0.045435,0.000564
20367.187500,0.045354,0.000563
20378.906250,0.042377,0.000526
20390.625000,0.044939,0.000557
20402.343750,0.045362,0.000563
20414.062500,0.044601,0.000553
20425.781250,0.044061,0.000547
20437.500000,0.044020,0.000546
20449.218750,0.045891,0.000569
20460.937500,0.044141,0.000548
20472.656250,0.044332,0.000550
20484.375000,0.043426,0.000539
20496.093750,0.047376,0.000588
20507.812500,0.042430,0.000526
20519.531250,0.043286,0.000537
20531.250000,0.042148,0.000523
20542.968750,0.042305,0.000525
20554.687500,0.042669,0.000529
20566.406250,0.044751,0.000555
20578.125000,0.044129,0.000547
20589.843750,0.045091,0.000559
20601.562500,0.042697,0.000530
20613.281250,0.043720,0.000542
20625.000000,0.043804,0.000543
20636.718750,0.043820,0.000544
20648.437500,0.044600,0.000553
20660.156250,0.042814,0.000531
20671.875000,0.043255,0.000537
20683.593750,0.043317,0.000537
20695.312500,0.043301,0.000537
20707.031250,0.044795,0.000556
20718.750000,0.042687,0.000530
20730.468750,0.042717,0.000530
20742.187500,0.042695,0.000530
20753.906250,0.044442,0.000551
20765.625000,0.044234,0.000549
20777.343750,0.043696,0.000542
20789.062500,0.044088,0.000547
20800.781250,0.042957,0.000533
20812.500000,0.043037,0.000534
20824.218750,0.043623,0.000541
20835.937500,0.042783,0.000531
20847.656250,0.043357,0.000538
20859.375000,0.044032,0.000546
20871.093750,0.043301,0.000537
20882.812500,0.042500,0.000527
20894.531250,0.043764,0.000543
20906.250000,0.042882,0.000532
20917.968750,0.044141,0.000548
20929.687500,0.043724,0.000542
20941.406250,0.043675,0.000542
20953.125000,0.042748,0.000530
20964.843750,0.043526,0.000540
20976.562500,0.043968,0.000545
20988.281250,0.044063,0.000547
21000.000000,0.043328,0.000537
21011.718750,0.043478,0.000539
21023.437500,0.043905,0.000545
21035.156250,0.043191,0.000536
21046.875000,0.042644,0.000529
21058.593750,0.043509,0.000540
21070.312500,0.043348,0.000538
21082.031250,0.043367,0.000538
21093.750000,0.043342,0.000538
21105.468750,0.043051,0.000534
21117.187500,0.044128,0.000547
21128.906250,0.042967,0.000533
21140.625000,0.042807,0.000531
21152.343750,0.042671,0.000529
21164.062500,0.042874,0.000532
21175.781250,0.043838,0.000544
21187.500000,0.043950,0.000545
21199.218750,0.043768,0.000543
21210.937500,0.043525,0.000540
21222.656250,0.042497,0.000527
21234.375000,0.043251,0.000537
21246.093750,0.043274,0.000537
21257.812500,0.043342,0.000538
21269.531250,0.043537,0.000540
21281.250000,0.043460,0.000539
21292.968750,0.042940,0.000533
21304.687500,0.043342,0.000538
21316.406250,0.043458,0.000539
21328.125000,0.043166,0.000535
21339.843750,0.043546,0.000540
21351.562500,0.043452,0.000539
21363.281250,0.042809,0.000531
21375.000000,0.043580,0.000541
21386.718750,0.043475,0.000539
21398.437500,0.043230,0.000536
21410.156250,0.042921,0.000532
21421.875000,0.043204,0.000536
21433.593750,0.042906,0.000532
21445.312500,0.043137,0.000535
21457.031250,0.043368,0.000538
21468.750000,0.042768,0.000531
21480.468750,0.042959,0.000533
21492.187500,0.043188,0.000536
21503.906250,0.042956,0.000533
21515.625000,0.043026,0.000534
21527.343750,0.042677,0.000529
21539.062500,0.043359,0.000538
21550.781250,0.042931,0.000533
21562.500000,0.042798,0.000531
21574.218750,0.043254,0.000537
21585.937500,0.043174,0.000536
21597.656250,0.043040,0.000534
21609.375000,0.042964,0.000533
21621.093750,0.043034,0.000534
21632.812500,0.042836,0.000531
21644.531250,0.043111,0.000535
21656.250000,0.042837,0.000531
21667.968750,0.043048,0.000534
21679.687500,0.042653,0.000529
21691.406250,0.042622,0.000529
21703.125000,0.043023,0.000534
21714.843750,0.043195,0.000536
21726.562500,0.042884,0.000532
21738.281250,0.042964,0.000533
21750.000000,0.042610,0.000529
21761.718750,0.043569,0.000540
21773.437500,0.042473,0.000527
21785.156250,0.042766,0.000530
21796.875000,0.043064,0.000534
21808.593750,0.042721,0.000530
21820.312500,0.042963,0.000533
21832.031250,0.042462,0.000527
21843.750000,0.042996,0.000533
21855.468750,0.042722,0.000530
21867.187500,0.042564,0.000528
21878.906250,0.042854,0.000532
21890.625000,0.043420,0.000539
21902.343750,0.042647,0.000529
21914.062500,0.042769,0.000531
21925.781250,0.043064,0.000534
21937.500000,0.042831,0.000531
21949.218750,0.043103,0.000535
21960.937500,0.042824,0.000531
21972.656250,0.043256,0.000537
21984.375000,0.042984,0.000533
21996.093750,0.042447,0.000527
22007.812500,0.043005,0.000533
22019.531250,0.043387,0.000538
22031.250000,0.042835,0.000531
22042.968750,0.042810,0.000531
22054.687500,0.042792,0.000531
22066.406250,0.042543,0.000528
22078.125000,0.043146,0.000535
22089.843750,0.043277,0.000537
22101.562500,0.042325,0.000525
22113.281250,0.043358,0.000538
22125.000000,0.042815,0.000531
22136.718750,0.042859,0.000532
22148.437500,0.042627,0.000529
22160.156250,0.043116,0.000535
22171.875000,0.042776,0.000531
22183.593750,0.042823,0.000531
22195.312500,0.043029,0.000534
22207.031250,0.042854,0.000532
22218.750000,0.043145,0.000535
22230.468750,0.042862,0.000532
22242.187500,0.042757,0.000530
22253.906250,0.042189,0.000523
22265.625000,0.042751,0.000530
22277.343750,0.043043,0.000534
22289.062500,0.042750,0.000530
22300.781250,0.043165,0.000535
22312.500000,0.042423,0.000526
22324.218750,0.043104,0.000535
22335.937500,0.042905,0.000532
22347.656250,0.042434,0.000526
22359.375000,0.042710,0.000530
22371.093750,0.042571,0.000528
22382.812500,0.042167,0.000523
22394.531250,0.042935,0.000533
22406.250000,0.042945,0.000533
22417.968750,0.042511,0.000527
22429.687500,0.042300,0.000525
22441.406250,0.042696,0.000530
22453.125000,0.042690,0.000530
22464.843750,0.043084,0.000534
22476.562500,0.042585,0.000528
22488.281250,0.042894,0.000532
22500.000000,0.043050,0.000534
22511.718750,0.042641,0.000529
22523.437500,0.042701,0.000530
22535.156250,0.042438,0.000526
22546.875000,0.042578,0.000528
22558.593750,0.042707,0.000530
22570.312500,0.042901,0.000532
22582.031250,0.042517,0.000527
22593.750000,0.042715,0.000530
22605.468750,0.042700,0.000530
22617.187500,0.042901,0.000532
22628.906250,0.042497,0.000527
22640.625000,0.042424,0.000526
22652.343750,0.042978,0.000533
22664.062500,0.042377,0.000526
22675.781250,0.042788,0.000531
22687.500000,0.042550,0.000528
22699.218750,0.042692,0.000530
22710.937500,0.042654,0.000529
22722.656250,0.042595,0.000528
22734.375000,0.042908,0.000532
22746.093750,0.041875,0.000519
22757.812500,0.042420,0.000526
22769.531250,0.042413,0.000526
22781.250000,0.042469,0.000527
22792.968750,0.042914,0.000532
22804.687500,0.042462,0.000527
22816.406250,0.042802,0.000531
22828.125000,0.042992,0.000533
22839.843750,0.042382,0.000526
22851.562500,0.042384,0.000526
22863.281250,0.042808,0.000531
22875.000000,0.042368,0.000526
22886.718750,0.042766,0.000530
22898.437500,0.043119,0.000535
22910.156250,0.042980,0.000533
22921.875000,0.042844,0.000531
22933.593750,0.042295,0.000525
22945.312500,0.042402,0.000526
22957.031250,0.042404,0.000526
22968.750000,0.042818,0.000531
22980.468750,0.042976,0.000533
22992.187500,0.042332,0.000525
23003.906250,0.042547,0.000528
23015.625000,0.042796,0.000531
23027.343750,0.042430,0.000526
23039.062500,0.042360,0.000525
23050.781250,0.042318,0.000525
23062.500000,0.042711,0.000530
23074.218750,0.041947,0.000520
23085.937500,0.042530,0.000528
23097.656250,0.042673,0.000529
23109.375000,0.042581,0.000528
23121.093750,0.042467,0.000527
23132.812500,0.042864,0.000532
23144.531250,0.042439,0.000526
23156.250000,0.042884,0.000532
23167.968750,0.042302,0.000525
23179.687500,0.042691,0.000530
23191.406250,0.042503,0.000527
23203.125000,0.042436,0.000526
23214.843750,0.042774,0.000531
23226.562500,0.042721,0.000530
23238.281250,0.042871,0.000532
23250.000000,0.042213,0.000524
23261.718750,0.042844,0.000531
23273.437500,0.042722,0.000530
23285.156250,0.042594,0.000528
23296.875000,0.042323,0.000525
23308.593750,0.041939,0.000520
23320.312500,0.042761,0.000530
23332.031250,0.042035,0.000521
23343.750000,0.042361,0.000525
23355.468750,0.042545,0.000528
23367.187500,0.042631,0.000529
23378.906250,0.042408,0.000526
23390.625000,0.041912,0.000520
23402.343750,0.042492,0.000527
23414.062500,0.042662,0.000529
23425.781250,0.042881,0.000532
23437.500000,0.042879,0.000532
23449.218750,0.043036,0.000534
23460.937500,0.042249,0.000524
23472.656250,0.042940,0.000533
23484.375000,0.042246,0.000524
23496.093750,0.042526,0.000528
23507.812500,0.042316,0.000525
23519.531250,0.042496,0.000527
23531.250000,0.042461,0.000527
23542.968750,0.042543,0.000528
23554.687500,0.042815,0.000531
23566.406250,0.042530,0.000528
23578.125000,0.042777,0.000531
23589.843750,0.042672,0.000529
23601.562500,0.042643,0.000529
23613.281250,0.042114,0.000522
23625.000000,0.042523,0.000527
23636.718750,0.042573,0.000528
23648.437500,0.042764,0.000530
23660.156250,0.042504,0.000527
23671.875000,0.041856,0.000519
23683.593750,0.042265,0.000524
23695.312500,0.042753,0.000530
23707.031250,0.042067,0.000522
23718.750000,0.042769,0.000531
23730.468750,0.042406,0.000526
23742.187500,0.042348,0.000525
23753.906250,0.042629,0.000529
23765.625000,0.042259,0.000524
23777.343750,0.043011,0.000534
23789.062500,0.042203,0.000524
23800.781250,0.042403,0.000526
23812.500000,0.042365,0.000526
23824.218750,0.042675,0.000529
23835.937500,0.042586,0.000528
23847.656250,0.042042,0.000522
23859.375000,0.043064,0.000534
23871.093750,0.042243,0.000524
23882.812500,0.042681,0.000529
23894.531250,0.042417,0.000526
23906.250000,0.042791,0.000531
23917.968750,0.042351,0.000525
23929.687500,0.042217,0.000524
23941.406250,0.042256,0.000524
23953.125000,0.042599,0.000528
23964.843750,0.042681,0.000529
23976.562500,0.042954,0.000533
23988.281250,0.042391,0.000526
24000.000000,0.043274,0.000537
